{"arch_name": "a64fx", "gather_ker_L1_latency": {"1KB": 311.136925, "2KB": 304.448289, "3KB": 298.118548, "4KB": 327.666191, "5KB": 320.641371, "6KB": 285.73833, "7KB": 342.34879, "8KB": 301.436542, "9KB": 321.150389, "10KB": 330.792472, "11KB": 341.279322, "12KB": 506.235898, "13KB": 375.134146, "14KB": 334.177935, "15KB": 334.811842, "16KB": 314.24032, "17KB": 321.817279, "18KB": 313.345864, "19KB": 335.847439, "20KB": 327.519403, "21KB": 332.470742, "22KB": 304.15338, "23KB": 346.481562, "24KB": 327.420565, "25KB": 299.185984, "26KB": 353.552359, "27KB": 327.236523, "28KB": 280.645188, "29KB": 309.874355, "30KB": 236.66522, "31KB": 335.917361, "32KB": 340.812459}, "gather_ker_LLC_latency": {"64KB": 240.282022, "1MB": 130.624278, "2MB": 115.094463, "3MB": 111.812119, "4MB": 105.213376, "5MB": 100.197008, "6MB": 85.281733, "7MB": 64.123748, "8MB": 57.95332, "9MB": 48.474012, "10MB": 46.904873, "11MB": 45.54103, "12MB": 41.272608, "13MB": 38.044192, "14MB": 40.542819, "15MB": 36.676905, "16MB": 38.029942, "17MB": 35.271577, "18MB": 33.90459, "19MB": 34.173031, "20MB": 35.118014, "21MB": 32.779346, "22MB": 31.014526, "23MB": 33.08652, "24MB": 33.596279, "25MB": 32.483449, "26MB": 31.422297, "27MB": 31.265582, "28MB": 32.467599, "29MB": 30.828569, "30MB": 30.967857, "31MB": 30.13583}, "gather_ker_DRAM_latency": {"64MB": 27.636382, "114MB": 6.344606, "164MB": 4.806346, "214MB": 5.860076, "264MB": 5.724213, "314MB": 5.562006, "364MB": 5.175053, "414MB": 5.004343, "464MB": 5.200165, "514MB": 4.894514, "564MB": 4.975043, "614MB": 4.832258, "664MB": 4.549199, "714MB": 4.432495, "764MB": 4.711779, "814MB": 4.620113, "864MB": 4.323531, "914MB": 4.284649, "964MB": 4.352241, "1014MB": 4.412276}, "scatter_ker": {"1KB": 0.784431, "2KB": 1.047758, "4KB": 1.55568, "8KB": 2.234239, "16KB": 2.888485, "32KB": 3.661858, "64KB": 5.164851, "128KB": 7.100044, "256KB": 9.165092, "512KB": 11.465589, "1MB": 13.845729, "2MB": 15.549455, "4MB": 18.83949, "8MB": 25.530751, "16MB": 23.711439, "32MB": 18.612042, "64MB": 16.221563, "128MB": 16.931655, "256MB": 17.115306, "512MB": 17.038996}, "fma_ker": {"flt_perf": 84.999929, "flt_efficiency": 1.2577675199763243, "dbl_perf": 2.115675, "dbl_efficiency": 0.06261245930748742}, "compute_latency_ker": {"": {"performance": 39.55742, "efficiency": 0.5853421130511987}}, "lehmer_ker": {"": {"performance": 8.357369, "efficiency": 7.959399047619048}}, "norm_alg": {" -large-size 2GB": {"bandwidth": 899.318414, "efficiency": 87.82406386718749}}, "L1_bandwidth_ker": {" -mode 0": {"bandwidth": 78.314334, "efficiency": 0.5794194584196508}, " -mode 1": {"bandwidth": 2080671328.671329, "efficiency": 15394135.311270561}, " -mode 2": {"bandwidth": 1135753846.153846, "efficiency": 8403032.303594599}, " -mode 3": {"bandwidth": 1169887179.487179, "efficiency": 8655572.5028646}}, "gemm_alg": {" -size 10000 ": {"performance": 15039682539.682543, "efficiency": 222546353.0583389}}, "primes_alg": {" -size 100000 ": {"performance": 4.151749, "efficiency": 3.9540466666666663}}, "fib_ker": {" -size 100000000000 ": {"performance": 100.54793, "efficiency": 95.75993333333334}}, "dense_vec_ker": {" -large-size 4GB -mode 0": {"bandwidth": 544.242354, "efficiency": 53.1486673828125}, " -large-size 4GB -mode 1": {"bandwidth": 499.929615, "efficiency": 48.821251464843755}, " -large-size 4GB -mode 2": {"bandwidth": 622.864662, "efficiency": 60.826627148437495}, " -large-size 4GB -mode 3": {"bandwidth": 556.587583, "efficiency": 54.35425615234375}, " -large-size 4GB -mode 4": {"bandwidth": 618.16416, "efficiency": 60.367593750000005}, " -large-size 4GB -mode 5": {"bandwidth": 768.043437, "efficiency": 75.00424189453125}}, "interconnect_band_ker": {"local_access_by_one_socket": 147.191435, "remote_access_by_one_socket": 133.35734, "local_access_by_both_sockets": 502.035281, "remote_access_by_both_sockets": 358.936092}, "interconnect_latency_ker": {"local_access_by_one_socket": 16.836051, "remote_access_by_one_socket": 13.147586, "local_access_by_both_sockets": 24.042691, "remote_access_by_both_sockets": 15.583319}, "LLC_bandwidth_ker": {"max_bandwidth": 556.457744, "max_size": "18MB", "efficiency": 8.234059544243859}, "prefix_sum_alg": {" -large-size 23MB ": {"bandwidth": 233.256734, "efficiency": 3.4515645753181414}}, "stencil_1D_alg": {" -size 100000000 -r 7 -mode 0 ": {"bandwidth": 1121.796576, "efficiency": 8.299767505179046}}, "naive_transpose_alg": {" -size 25000 -mode 0 ": {"bandwidth": 8.104236, "efficiency": 0.7914292968750001}, " -size 25000 -mode 1": {"bandwidth": 8.175707, "efficiency": 0.7984088867187499}}, "sha1_alg": {" -large-size 1GB ": {"performance": 89.317416, "efficiency": 85.0642057142857}}, "randgen_ker": {" -large-size 1GB ": {"performance": 30.753822, "efficiency": 29.289354285714285}}, "bellman_ford_alg_l1_latency": {"teps": 21.553286}, "bellman_ford_alg_LLC_latency": {"teps": 61.463833}, "bellman_ford_alg_DRAM_latency": {"teps": 0}, "bellman_ford_alg_interconnect": {"one socket": 0, "two socket": 0}}