{"arch_name": "intel_xeon_6140", "gather_ker_L1_latency": {"1KB": 135.418718, "2KB": 136.172785, "3KB": 135.808607, "4KB": 134.38796, "5KB": 136.111839, "6KB": 137.279912, "7KB": 137.473089, "8KB": 137.658561, "9KB": 137.889919, "10KB": 137.22882, "11KB": 137.758805, "12KB": 137.414567, "13KB": 136.794876, "14KB": 137.613876, "15KB": 137.06476, "16KB": 137.013515, "17KB": 137.395434, "18KB": 137.631008, "19KB": 136.959897, "20KB": 136.135809, "21KB": 136.190169, "22KB": 135.973668, "23KB": 136.187394, "24KB": 135.01368, "25KB": 135.069438, "26KB": 135.470547, "27KB": 134.842425, "28KB": 134.085833, "29KB": 134.179808, "30KB": 134.071238, "31KB": 134.10382, "32KB": 133.643755}, "gather_ker_LLC_latency": {"2MB": 88.647691, "3MB": 82.699256, "4MB": 79.848162, "5MB": 78.242109, "6MB": 77.141908, "7MB": 76.238411, "8MB": 75.667015, "9MB": 75.102576, "10MB": 74.521408, "11MB": 74.441148, "12MB": 74.112136, "13MB": 73.753152, "14MB": 71.664399, "15MB": 72.705109, "16MB": 63.113092, "17MB": 70.098838, "18MB": 72.850363, "19MB": 71.783078, "20MB": 72.151693, "21MB": 54.372203, "22MB": 45.739153, "23MB": 61.414269, "24MB": 65.950876}, "gather_ker_DRAM_latency": {"49MB": 33.515301, "99MB": 25.279595, "149MB": 22.930112, "199MB": 21.812638, "249MB": 21.038368, "299MB": 20.564932, "349MB": 20.14394, "399MB": 19.852466, "449MB": 19.620011, "499MB": 19.512979, "549MB": 19.074457, "599MB": 19.062546, "649MB": 18.679634, "699MB": 18.544109, "749MB": 18.396801, "799MB": 18.219739, "849MB": 18.045473, "899MB": 17.921111, "949MB": 17.809371, "999MB": 17.656872}, "scatter_ker": {"1KB": 2.105135, "2KB": 2.654483, "4KB": 3.423947, "8KB": 4.641466, "16KB": 5.964267, "32KB": 7.477308, "64KB": 10.108204, "128KB": 15.626937, "256KB": 22.89952, "512KB": 28.341415, "1MB": 34.002233, "2MB": 36.802334, "4MB": 38.140913, "8MB": 36.511636, "16MB": 29.083156, "32MB": 29.106535, "64MB": 15.712926, "128MB": 11.016744, "256MB": 10.376776, "512MB": 10.121835}, "fma_ker": {"flt_perf": 2066.704425, "flt_efficiency": 78.01828708946772, "dbl_perf": 1038.08204, "dbl_efficiency": 78.64257878787879}, "compute_latency_ker": {"": {"performance": 174.467816, "efficiency": 6.586176519441298}}, "lehmer_ker": {"": {"performance": 3.439974, "efficiency": 4.195090243902438}}, "norm_alg": {" -large-size 2GB": {"bandwidth": 108.99406, "efficiency": 85.82209448818898}}, "L1_bandwidth_ker": {" -mode 0": {"bandwidth": 16217.116435, "efficiency": 90.09509130555556}, " -mode 1": {"bandwidth": 1421.871875, "efficiency": 7.899288194444445}, " -mode 2": {"bandwidth": 4587.053816, "efficiency": 25.48363231111111}, " -mode 3": {"bandwidth": 13854.45165, "efficiency": 76.96917583333334}}, "gemm_alg": {" -size 10000 ": {"performance": 2181.33986, "efficiency": 82.34578557946395}}, "primes_alg": {" -size 100000 ": {"performance": 1.095349, "efficiency": 1.3357914634146342}}, "fib_ker": {" -size 100000000000 ": {"performance": 50.859127, "efficiency": 62.02332560975609}}, "dense_vec_ker": {" -large-size 4GB -mode 0": {"bandwidth": 88.939387, "efficiency": 70.03101338582677}, " -large-size 4GB -mode 1": {"bandwidth": 89.056898, "efficiency": 70.12354173228347}, " -large-size 4GB -mode 2": {"bandwidth": 92.659589, "efficiency": 72.96030629921259}, " -large-size 4GB -mode 3": {"bandwidth": 92.766034, "efficiency": 73.04412125984251}, " -large-size 4GB -mode 4": {"bandwidth": 92.88473, "efficiency": 73.13758267716535}, " -large-size 4GB -mode 5": {"bandwidth": 116.280709, "efficiency": 91.55961338582678}}, "interconnect_band_ker": {"local_access_by_one_socket": 74.112476, "remote_access_by_one_socket": 35.301034, "local_access_by_both_sockets": 147.726009, "remote_access_by_both_sockets": 52.13013}, "interconnect_latency_ker": {"local_access_by_one_socket": 24.099153, "remote_access_by_one_socket": 18.836863, "local_access_by_both_sockets": 32.55086, "remote_access_by_both_sockets": 28.848583}, "LLC_bandwidth_ker": {"max_bandwidth": 515.344601, "max_size": "15MB", "efficiency": 89.9379757417103}, "prefix_sum_alg": {" -large-size 23MB ": {"bandwidth": 93.40161, "efficiency": 16.3004554973822}}, "stencil_1D_alg": {" -size 100000000 -r 7 -mode 0 ": {"bandwidth": 306.527746, "efficiency": 1.7029319222222221}, " -size 100000000 -r 7 -mode 1 ": {"bandwidth": 494.300856, "efficiency": 2.7461158666666665}}, "naive_transpose_alg": {" -size 20000 -mode 0 ": {"bandwidth": 25.012341, "efficiency": 19.694756692913387}, " -size 20000 -mode 1": {"bandwidth": 20.486279, "efficiency": 16.13092834645669}, " -size 25000 -mode 0 ": {"bandwidth": 24.383398, "efficiency": 19.199525984251967}, " -size 25000 -mode 1": {"bandwidth": 22.043197, "efficiency": 17.356848031496064}, " -size 30000 -mode 0 ": {"bandwidth": 23.179069, "efficiency": 18.251235433070867}, " -size 30000 -mode 1": {"bandwidth": 18.095462, "efficiency": 14.248395275590553}}}