{"arch_name": "intel_xeon_6140", "gather_ker_L1_latency": {"1KB": 135.972439, "2KB": 136.899763, "3KB": 134.959526, "4KB": 136.437752, "5KB": 134.256901, "6KB": 136.980749, "7KB": 137.318654, "8KB": 137.186815, "9KB": 138.024565, "10KB": 136.368689, "11KB": 137.479715, "12KB": 137.525043, "13KB": 137.649474, "14KB": 137.924209, "15KB": 137.467075, "16KB": 137.757538, "17KB": 137.534289, "18KB": 137.601689, "19KB": 133.430493, "20KB": 137.621379, "21KB": 136.259583, "22KB": 135.841603, "23KB": 135.901668, "24KB": 135.758425, "25KB": 134.895084, "26KB": 134.804015, "27KB": 134.891115, "28KB": 134.602791, "29KB": 134.28461, "30KB": 134.546562, "31KB": 133.848284, "32KB": 133.741852}, "gather_ker_LLC_latency": {"1MB": 117.671928, "2MB": 88.747405, "3MB": 82.60396, "4MB": 79.764509, "5MB": 78.12651, "6MB": 77.029641, "7MB": 76.171538, "8MB": 75.645254, "9MB": 75.255461, "10MB": 74.606793, "11MB": 74.477054, "12MB": 72.646659, "13MB": 67.003973, "14MB": 63.027168, "15MB": 73.075335, "16MB": 72.660733, "17MB": 68.439595, "18MB": 72.927371, "19MB": 62.134507, "20MB": 68.286973, "21MB": 59.638951, "22MB": 60.521534, "23MB": 66.034368, "24MB": 51.227752}, "gather_ker_DRAM_latency": {"24MB": 55.87735, "74MB": 27.737917, "124MB": 23.683621, "174MB": 22.280009, "224MB": 21.241072, "274MB": 20.846189, "324MB": 20.375199, "374MB": 20.027478, "424MB": 19.704762, "474MB": 19.477656, "524MB": 19.250499, "574MB": 19.030097, "624MB": 18.805273, "674MB": 18.668004, "724MB": 18.531794, "774MB": 18.310902, "824MB": 18.173095, "874MB": 18.028217, "924MB": 17.907828, "974MB": 17.755059}, "scatter_ker": {"1KB": 2.097092, "2KB": 2.649784, "4KB": 3.420599, "8KB": 4.63854, "16KB": 5.969043, "32KB": 7.474956, "64KB": 10.130541, "128KB": 15.630266, "256KB": 22.835485, "512KB": 28.966337, "1MB": 33.979412, "2MB": 36.847031, "4MB": 38.13336, "8MB": 36.488188, "16MB": 31.63374, "32MB": 29.76748, "64MB": 15.402444, "128MB": 11.045105, "256MB": 11.017508, "512MB": 10.19816}, "fma_ker": {"flt_perf": 2065.606287, "flt_efficiency": 77.9768322763307, "dbl_perf": 1037.920307, "dbl_efficiency": 78.63032628787879}, "compute_latency_ker": {"": {"performance": 174.487484, "efficiency": 6.586918988297471}}, "lehmer_ker": {"": {"performance": 3.439437, "efficiency": 4.194435365853658}}, "norm_alg": {" -large-size 2GB": {"bandwidth": 108.800368, "efficiency": 85.6695811023622}}, "L1_bandwidth_ker": {" -mode 0": {"bandwidth": 16216.232457, "efficiency": 90.09018031666668}, " -mode 1": {"bandwidth": 1422.272386, "efficiency": 7.901513255555556}, " -mode 2": {"bandwidth": 4590.403309, "efficiency": 25.502240605555556}, " -mode 3": {"bandwidth": 13829.351128, "efficiency": 76.82972848888889}}, "gemm_alg": {" -size 10000 ": {"performance": 2181.813494, "efficiency": 82.36366530766327}}, "stencil_1D_alg": {" -size 100000000 -r 1": {"bandwidth": 91.25535, "efficiency": 0.5069741666666666}, " -size 100000000 -r 3": {"bandwidth": 192.406831, "efficiency": 1.068926838888889}, " -size 100000000 -r 5": {"bandwidth": 233.450608, "efficiency": 1.2969478222222222}, " -size 100000000 -r 7": {"bandwidth": 252.939907, "efficiency": 1.4052217055555556}, " -size 100000000 -r 9": {"bandwidth": 265.221175, "efficiency": 1.4734509722222222}}, "primes_alg": {" -size 100000 ": {"performance": 1.092987, "efficiency": 1.3329109756097561}}, "fib_ker": {" -size 100000000000 ": {"performance": 50.868221, "efficiency": 62.03441585365853}}, "dense_vec_ker": {" -large-size 4GB -mode 0": {"bandwidth": 89.195386, "efficiency": 70.2325874015748}, " -large-size 4GB -mode 1": {"bandwidth": 89.069354, "efficiency": 70.13334960629922}, " -large-size 4GB -mode 2": {"bandwidth": 92.793237, "efficiency": 73.0655409448819}, " -large-size 4GB -mode 3": {"bandwidth": 92.61435, "efficiency": 72.92468503937008}, " -large-size 4GB -mode 4": {"bandwidth": 93.091143, "efficiency": 73.3001125984252}, " -large-size 4GB -mode 5": {"bandwidth": 116.327139, "efficiency": 91.59617244094488}}, "interconnect_band_ker": {"local_access_by_one_socket": 74.074437, "remote_access_by_one_socket": 35.319087, "local_access_by_both_sockets": 147.481003, "remote_access_by_both_sockets": 52.14459}, "interconnect_latency_ker": {"local_access_by_one_socket": 24.147133, "remote_access_by_one_socket": 18.93748, "local_access_by_both_sockets": 32.186533, "remote_access_by_both_sockets": 25.197281}, "LLC_bandwidth_ker": {"max_bandwidth": 514.586469, "max_size": "15MB", "efficiency": 89.8056664921466}, "prefix_sum_alg": {" -large-size 23MB ": {"bandwidth": 79.440824, "efficiency": 13.86401815008726}}}