{"arch_name": "intel_xeon_6140", "gather_ker_L1_latency": {"1KB": 138.850745, "2KB": 140.164722, "3KB": 136.014939, "4KB": 137.031853, "5KB": 140.725453, "6KB": 139.732266, "7KB": 140.893365, "8KB": 139.441848, "9KB": 140.720013, "10KB": 141.06298, "11KB": 141.059636, "12KB": 140.073973, "13KB": 141.338704, "14KB": 140.676962, "15KB": 139.468592, "16KB": 141.31444, "17KB": 139.953831, "18KB": 136.65348, "19KB": 139.717329, "20KB": 138.695782, "21KB": 138.444806, "22KB": 138.203503, "23KB": 138.66652, "24KB": 138.013662, "25KB": 137.507202, "26KB": 137.899626, "27KB": 137.562669, "28KB": 137.489619, "29KB": 136.448094, "30KB": 136.619158, "31KB": 137.139952, "32KB": 133.757739}, "gather_ker_LLC_latency": {"1MB": 93.624522, "2MB": 88.752897, "3MB": 82.702807, "4MB": 79.762092, "5MB": 78.227466, "6MB": 77.005835, "7MB": 76.30178, "8MB": 75.602083, "9MB": 75.133193, "10MB": 74.885326, "11MB": 73.122837, "12MB": 74.111592, "13MB": 73.966602, "14MB": 73.713356, "15MB": 73.376925, "16MB": 73.323131, "17MB": 66.198638, "18MB": 72.419245, "19MB": 62.012731, "20MB": 72.455746, "21MB": 61.789357, "22MB": 69.375153, "23MB": 65.690054, "24MB": 55.974953}, "gather_ker_DRAM_latency": {"24MB": 66.723578, "74MB": 27.962995, "124MB": 24.156687, "174MB": 22.561989, "224MB": 21.654457, "274MB": 21.072421, "324MB": 20.588053, "374MB": 20.224433, "424MB": 19.911522, "474MB": 19.717638, "524MB": 19.450896, "574MB": 19.244398, "624MB": 19.026018, "674MB": 18.867144, "724MB": 18.740549, "774MB": 18.522418, "824MB": 18.356163, "874MB": 18.238192, "924MB": 18.108792, "974MB": 17.945833}, "scatter_ker": {"1KB": 2.096296, "2KB": 2.649812, "4KB": 3.425559, "8KB": 4.643183, "16KB": 5.965106, "32KB": 7.47784, "64KB": 10.126055, "128KB": 15.613557, "256KB": 22.841263, "512KB": 28.33812, "1MB": 33.381415, "2MB": 36.815303, "4MB": 38.141843, "8MB": 36.444509, "16MB": 28.262898, "32MB": 28.723172, "64MB": 17.147788, "128MB": 11.575187, "256MB": 10.817757, "512MB": 10.491196}, "fma_ker": {"flt_perf": 2067.188538, "flt_efficiency": 78.03656240090599, "dbl_perf": 1038.057745, "dbl_efficiency": 78.64073825757576}, "compute_latency_ker": {"": {"performance": 174.495536, "efficiency": 6.58722295205738}}, "lehmer_ker": {"": {"performance": 3.439207, "efficiency": 4.1941548780487805}}, "norm_alg": {" -large-size 2GB": {"bandwidth": 109.256265, "efficiency": 86.02855511811023}}, "L1_bandwidth_ker": {" -mode 0": {"bandwidth": 16218.220091, "efficiency": 90.10122272777777}, " -mode 1": {"bandwidth": 1419.978279, "efficiency": 7.888768216666667}, " -mode 2": {"bandwidth": 4586.187378, "efficiency": 25.478818766666663}, " -mode 3": {"bandwidth": 13838.008211, "efficiency": 76.87782339444445}}, "gemm_alg": {" -size 10000 ": {"performance": 2180.510673, "efficiency": 82.31448369195924}}, "stencil_1D_alg": {" -size 100000000 -r 1": {"bandwidth": 91.329865, "efficiency": 0.5073881388888888}, " -size 100000000 -r 3": {"bandwidth": 192.199396, "efficiency": 1.0677744222222223}, " -size 100000000 -r 5": {"bandwidth": 233.866994, "efficiency": 1.2992610777777778}, " -size 100000000 -r 7": {"bandwidth": 253.102387, "efficiency": 1.406124372222222}, " -size 100000000 -r 9": {"bandwidth": 264.612122, "efficiency": 1.4700673444444445}}, "primes_alg": {" -size 100000 ": {"performance": 1.094025, "efficiency": 1.3341768292682927}}, "fib_ker": {" -size 100000000000 ": {"performance": 50.871521, "efficiency": 62.03844024390244}}, "dense_vec_ker": {" -large-size 4GB -mode 0": {"bandwidth": 90.555821, "efficiency": 71.30379606299212}, " -large-size 4GB -mode 1": {"bandwidth": 90.044044, "efficiency": 70.90082204724409}, " -large-size 4GB -mode 2": {"bandwidth": 93.6015, "efficiency": 73.70196850393701}, " -large-size 4GB -mode 3": {"bandwidth": 93.676488, "efficiency": 73.76101417322835}, " -large-size 4GB -mode 4": {"bandwidth": 94.155153, "efficiency": 74.13791574803149}, " -large-size 4GB -mode 5": {"bandwidth": 117.521799, "efficiency": 92.53684960629921}}, "interconnect_band_ker": {"local_access_by_one_socket": 75.026428, "remote_access_by_one_socket": 35.152511, "local_access_by_both_sockets": 148.946708, "remote_access_by_both_sockets": 51.956201}, "interconnect_latency_ker": {"local_access_by_one_socket": 24.26826, "remote_access_by_one_socket": 18.80589, "local_access_by_both_sockets": 31.350261, "remote_access_by_both_sockets": 28.402453}, "LLC_bandwidth_ker": {"max_bandwidth": 511.272714, "max_size": "15MB"}, "prefix_sum_alg": {" -large-size 23MB ": {"bandwidth": 106.354198, "efficiency": 18.560942059336824}}}