{"arch_name": "intel_xeon_6140", "gather_ker_L1_latency": {"1KB": 140.363074, "2KB": 140.803714, "3KB": 138.318212, "4KB": 137.763196, "5KB": 140.284497, "6KB": 141.192094, "7KB": 140.726479, "8KB": 140.313985, "9KB": 141.28589, "10KB": 140.846127, "11KB": 140.029779, "12KB": 140.248809, "13KB": 141.271864, "14KB": 140.491356, "15KB": 141.364081, "16KB": 141.281136, "17KB": 140.362149, "18KB": 141.460294, "19KB": 139.63828, "20KB": 139.479826, "21KB": 139.19694, "22KB": 139.252912, "23KB": 138.78904, "24KB": 138.951687, "25KB": 134.48884, "26KB": 137.830371, "27KB": 137.855363, "28KB": 137.003531, "29KB": 137.32152, "30KB": 137.602543, "31KB": 136.58243, "32KB": 136.557301}, "gather_ker_LLC_latency": {"2MB": 88.72564, "3MB": 82.708952, "4MB": 80.111548, "5MB": 78.257034, "6MB": 76.946279, "7MB": 76.274869, "8MB": 75.586479, "9MB": 75.090987, "10MB": 74.680899, "11MB": 73.758721, "12MB": 74.187779, "13MB": 73.770266, "14MB": 73.731798, "15MB": 67.433222, "16MB": 73.244865, "17MB": 71.675684, "18MB": 72.644944, "19MB": 72.071676, "20MB": 72.37555, "21MB": 55.02645, "22MB": 61.831659, "23MB": 53.451378, "24MB": 61.835609}, "gather_ker_DRAM_latency": {"49MB": 33.97918, "99MB": 25.48973, "149MB": 23.322769, "199MB": 22.087623, "249MB": 21.350043, "299MB": 20.844536, "349MB": 20.443244, "399MB": 20.163922, "449MB": 19.908263, "499MB": 19.747798, "549MB": 19.369528, "599MB": 19.330366, "649MB": 18.992552, "699MB": 18.823013, "749MB": 18.650583, "799MB": 18.468976, "849MB": 18.34004, "899MB": 18.186771, "949MB": 18.051957, "999MB": 17.926041}, "scatter_ker": {"1KB": 2.101356, "2KB": 2.649157, "4KB": 3.423783, "8KB": 4.642929, "16KB": 5.963447, "32KB": 7.478608, "64KB": 10.118148, "128KB": 15.624813, "256KB": 22.845711, "512KB": 28.974006, "1MB": 33.981526, "2MB": 36.83206, "4MB": 38.181407, "8MB": 36.530482, "16MB": 29.253618, "32MB": 28.3879, "64MB": 17.687071, "128MB": 12.137021, "256MB": 10.977043, "512MB": 10.744725}, "fma_ker": {"flt_perf": 2066.904807, "flt_efficiency": 78.02585152887882, "dbl_perf": 1038.424772, "dbl_efficiency": 78.66854333333335}, "compute_latency_ker": {"": {"performance": 174.594738, "efficiency": 6.590967836919592}}, "lehmer_ker": {"": {"performance": 3.438287, "efficiency": 4.193032926829268}}, "norm_alg": {" -large-size 2GB": {"bandwidth": 109.779425, "efficiency": 86.44049212598426}}, "L1_bandwidth_ker": {" -mode 0": {"bandwidth": 16209.674468, "efficiency": 90.05374704444445}, " -mode 1": {"bandwidth": 1424.418022, "efficiency": 7.913433455555555}, " -mode 2": {"bandwidth": 4588.734801, "efficiency": 25.492971116666666}, " -mode 3": {"bandwidth": 13853.757702, "efficiency": 76.96532056666668}}, "gemm_alg": {" -size 10000 ": {"performance": 2179.572682, "efficiency": 82.2790744431861}}, "primes_alg": {" -size 100000 ": {"performance": 1.0935, "efficiency": 1.3335365853658536}}, "fib_ker": {" -size 100000000000 ": {"performance": 50.852183, "efficiency": 62.014857317073165}}, "dense_vec_ker": {" -large-size 4GB -mode 0": {"bandwidth": 90.465694, "efficiency": 71.23282992125985}, " -large-size 4GB -mode 1": {"bandwidth": 90.582529, "efficiency": 71.32482598425196}, " -large-size 4GB -mode 2": {"bandwidth": 93.768083, "efficiency": 73.83313622047244}, " -large-size 4GB -mode 3": {"bandwidth": 93.520973, "efficiency": 73.63856141732283}, " -large-size 4GB -mode 4": {"bandwidth": 94.147893, "efficiency": 74.13219921259842}, " -large-size 4GB -mode 5": {"bandwidth": 118.021013, "efficiency": 92.92993149606299}}, "interconnect_band_ker": {"local_access_by_one_socket": 74.93148, "remote_access_by_one_socket": 35.33334, "local_access_by_both_sockets": 149.767773, "remote_access_by_both_sockets": 52.106909}, "interconnect_latency_ker": {"local_access_by_one_socket": 24.255173, "remote_access_by_one_socket": 18.896391, "local_access_by_both_sockets": 32.383547, "remote_access_by_both_sockets": 30.469995}, "LLC_bandwidth_ker": {"max_bandwidth": 505.521324, "max_size": "15MB", "efficiency": 88.2236167539267}, "prefix_sum_alg": {" -large-size 23MB ": {"bandwidth": 102.83602, "efficiency": 17.946949389179757}}, "stencil_1D_alg": {" -size 100000000 -r 7 -mode 0 ": {"bandwidth": 306.028113, "efficiency": 1.7001561833333334}, " -size 100000000 -r 7 -mode 1 ": {"bandwidth": 498.541581, "efficiency": 2.76967545}}, "naive_transpose_alg": {" -size 25000 -mode 0 ": {"bandwidth": 24.248108, "efficiency": 19.09299842519685}, " -size 25000 -mode 1": {"bandwidth": 22.212513, "efficiency": 17.49016771653543}}}