{"arch_name": "intel_xeon_6140", "gather_ker": {}, "gather_ker_L1_latency": {"1KB": 136.679244, "2KB": 137.653752, "3KB": 135.790104, "4KB": 131.652163, "5KB": 137.448835, "6KB": 137.414707, "7KB": 137.014168, "8KB": 137.885619, "9KB": 137.821734, "10KB": 137.949107, "11KB": 137.904176, "12KB": 137.547239, "13KB": 137.070335, "14KB": 137.196295, "15KB": 137.670483, "16KB": 137.722505, "17KB": 137.956676, "18KB": 137.598881, "19KB": 137.387234, "20KB": 137.551874, "21KB": 137.4414, "22KB": 136.2143, "23KB": 136.018441, "24KB": 136.134423, "25KB": 136.199633, "26KB": 135.544527, "27KB": 135.2925, "28KB": 135.411743, "29KB": 134.135103, "30KB": 134.192482, "31KB": 134.83477, "32KB": 134.302779}, "gather_ker_LLC_latency": {"1MB": 117.898614, "2MB": 88.76304, "3MB": 82.679031, "4MB": 79.826751, "5MB": 78.001816, "6MB": 77.034893, "7MB": 76.310148, "8MB": 75.540278, "9MB": 75.177052, "10MB": 74.802787, "11MB": 74.441071, "12MB": 74.140696, "13MB": 73.794819, "14MB": 73.554907, "15MB": 73.395975, "16MB": 73.176166, "17MB": 68.39702, "18MB": 72.863363, "19MB": 58.954194, "20MB": 61.78285, "21MB": 68.500388, "22MB": 62.793373, "23MB": 67.130116, "24MB": 62.829182}, "gather_ker_DRAM_latency": {"24MB": 39.722361, "74MB": 27.848819, "124MB": 23.95078, "174MB": 22.178567, "224MB": 21.500052, "274MB": 20.866833, "324MB": 20.429778, "374MB": 20.026827, "424MB": 19.777134, "474MB": 19.523502, "524MB": 19.227002, "574MB": 19.053135, "624MB": 18.852745, "674MB": 18.703182, "724MB": 18.590913, "774MB": 18.341867, "824MB": 18.194631, "874MB": 18.065776, "924MB": 17.916852, "974MB": 17.796682}, "scatter_ker": {"1KB": 2.089913, "2KB": 2.65058, "4KB": 3.42238, "8KB": 4.642711, "16KB": 5.967359, "32KB": 7.472307, "64KB": 10.119918, "128KB": 15.651731, "256KB": 22.859853, "512KB": 28.320234, "1MB": 33.40689, "2MB": 36.796931, "4MB": 38.15248, "8MB": 36.46054, "16MB": 29.367613, "32MB": 28.531773, "64MB": 17.592074, "128MB": 11.30997, "256MB": 10.529416, "512MB": 10.2806}, "fma_ker": {"flt_perf": 2066.485214, "flt_efficiency": 78.01001185352962, "dbl_perf": 1038.194549, "dbl_efficiency": 78.6511021969697}, "compute_latency_ker": {"": {"performance": 174.502321, "efficiency": 6.587479086447717}}, "lehmer_ker": {"": {"performance": 3.439667, "efficiency": 4.194715853658536}}, "L1_bandwidth_ker": {" -mode 0": {"bandwidth": 16210.542, "efficiency": 90.05856666666666}, " -mode 1": {"bandwidth": 1425.695266, "efficiency": 7.920529255555555}, " -mode 2": {"bandwidth": 4584.5394, "efficiency": 25.46966333333333}, " -mode 3": {"bandwidth": 13868.547577, "efficiency": 77.04748653888889}}, "gemm_alg": {" -size 10000 ": {"performance": 2178.613574, "efficiency": 82.24286802567006}}, "stencil_1D_alg": {" -size 100000000 -r 1": {"bandwidth": 89.996377, "efficiency": 0.4999798722222222}, " -size 100000000 -r 3": {"bandwidth": 190.75143, "efficiency": 1.0597301666666668}, " -size 100000000 -r 5": {"bandwidth": 233.655702, "efficiency": 1.2980872333333333}, " -size 100000000 -r 7": {"bandwidth": 253.595716, "efficiency": 1.408865088888889}, " -size 100000000 -r 9": {"bandwidth": 264.918052, "efficiency": 1.4717669555555555}}, "primes_alg": {" -size 100000 ": {"performance": 1.094472, "efficiency": 1.334721951219512}}, "fib_ker": {" -size 100000000000 ": {"performance": 50.885261, "efficiency": 62.055196341463414}}, "dense_vec_ker": {" -large-size 4GB -mode 0": {"bandwidth": 89.26053, "efficiency": 70.28388188976378}, " -large-size 4GB -mode 1": {"bandwidth": 89.350885, "efficiency": 70.35502755905512}, " -large-size 4GB -mode 2": {"bandwidth": 92.989654, "efficiency": 73.2202}, " -large-size 4GB -mode 3": {"bandwidth": 92.808092, "efficiency": 73.0772377952756}, " -large-size 4GB -mode 4": {"bandwidth": 93.360169, "efficiency": 73.5119440944882}, " -large-size 4GB -mode 5": {"bandwidth": 116.574704, "efficiency": 91.79110551181103}}, "interconnect_band_ker": {"local_access_by_one_socket": 74.22344, "remote_access_by_one_socket": 35.992569, "local_access_by_both_sockets": 148.311751, "remote_access_by_both_sockets": 52.093434}, "interconnect_latency_ker": {"local_access_by_one_socket": 24.143516, "remote_access_by_one_socket": 18.83069, "local_access_by_both_sockets": 32.20213, "remote_access_by_both_sockets": 26.545977}}