{"arch_name": "intel_xeon_6140", "gather_ker_L1_latency": {"1KB": 134.047542, "2KB": 138.540689, "3KB": 134.984463, "4KB": 134.878278, "5KB": 137.873725, "6KB": 137.650718, "7KB": 137.70849, "8KB": 137.527416, "9KB": 138.420211, "10KB": 138.030654, "11KB": 138.072731, "12KB": 138.675315, "13KB": 138.319989, "14KB": 138.217232, "15KB": 139.01807, "16KB": 139.461185, "17KB": 139.20438, "18KB": 139.821687, "19KB": 138.19649, "20KB": 137.486448, "21KB": 137.539956, "22KB": 137.502221, "23KB": 137.319871, "24KB": 137.603073, "25KB": 137.774266, "26KB": 136.788779, "27KB": 136.775699, "28KB": 136.457733, "29KB": 135.605245, "30KB": 135.045853, "31KB": 135.694991, "32KB": 135.144705}, "gather_ker_LLC_latency": {"2MB": 88.723306, "3MB": 82.662072, "4MB": 80.023438, "5MB": 78.154899, "6MB": 77.092609, "7MB": 76.346434, "8MB": 75.547061, "9MB": 75.162228, "10MB": 73.24393, "11MB": 74.464294, "12MB": 74.17829, "13MB": 73.74123, "14MB": 73.672803, "15MB": 73.5236, "16MB": 71.159571, "17MB": 72.917447, "18MB": 62.760382, "19MB": 59.465458, "20MB": 61.444452, "21MB": 60.54515, "22MB": 68.076312, "23MB": 60.491254, "24MB": 56.575793}, "gather_ker_DRAM_latency": {"49MB": 33.989823, "99MB": 25.502635, "149MB": 23.183088, "199MB": 21.971668, "249MB": 21.250958, "299MB": 20.774659, "349MB": 20.378823, "399MB": 20.023723, "449MB": 19.783247, "499MB": 19.680357, "549MB": 19.279383, "599MB": 19.25483, "649MB": 18.891818, "699MB": 18.68024, "749MB": 18.556553, "799MB": 18.386444, "849MB": 18.254599, "899MB": 18.083366, "949MB": 17.992679, "999MB": 17.82997}, "scatter_ker": {"1KB": 2.094363, "2KB": 2.650947, "4KB": 3.422509, "8KB": 4.643877, "16KB": 5.966614, "32KB": 7.483636, "64KB": 10.119646, "128KB": 15.642146, "256KB": 22.854425, "512KB": 28.980005, "1MB": 33.983797, "2MB": 36.783916, "4MB": 38.169371, "8MB": 36.478517, "16MB": 28.31483, "32MB": 25.642584, "64MB": 17.302495, "128MB": 11.293685, "256MB": 11.096574, "512MB": 10.636601}, "fma_ker": {"flt_perf": 2066.532181, "flt_efficiency": 78.01178486221215, "dbl_perf": 1038.643296, "dbl_efficiency": 78.68509818181818}, "compute_latency_ker": {"": {"performance": 175.029276, "efficiency": 6.60737168742922}}, "lehmer_ker": {"": {"performance": 3.441424, "efficiency": 4.196858536585366}}, "norm_alg": {" -large-size 2GB": {"bandwidth": 109.276166, "efficiency": 86.0442251968504}}, "L1_bandwidth_ker": {" -mode 0": {"bandwidth": 16213.776542, "efficiency": 90.07653634444445}, " -mode 1": {"bandwidth": 1424.170469, "efficiency": 7.91205816111111}, " -mode 2": {"bandwidth": 4589.919925, "efficiency": 25.499555138888887}, " -mode 3": {"bandwidth": 13864.42249, "efficiency": 77.02456938888889}}, "gemm_alg": {" -size 10000 ": {"performance": 2178.702123, "efficiency": 82.2462107587769}}, "primes_alg": {" -size 100000 ": {"performance": 1.09102, "efficiency": 1.3305121951219512}}, "fib_ker": {" -size 100000000000 ": {"performance": 50.8887, "efficiency": 62.059390243902435}}, "dense_vec_ker": {" -large-size 4GB -mode 0": {"bandwidth": 89.72187, "efficiency": 70.64714173228346}, " -large-size 4GB -mode 1": {"bandwidth": 90.011203, "efficiency": 70.87496299212597}, " -large-size 4GB -mode 2": {"bandwidth": 93.29431, "efficiency": 73.46008661417324}, " -large-size 4GB -mode 3": {"bandwidth": 93.249091, "efficiency": 73.42448110236221}, " -large-size 4GB -mode 4": {"bandwidth": 93.878092, "efficiency": 73.91975748031496}, " -large-size 4GB -mode 5": {"bandwidth": 117.324525, "efficiency": 92.38151574803149}}, "interconnect_band_ker": {"local_access_by_one_socket": 74.570292, "remote_access_by_one_socket": 35.320069, "local_access_by_both_sockets": 147.813268, "remote_access_by_both_sockets": 52.13216}, "interconnect_latency_ker": {"local_access_by_one_socket": 24.193171, "remote_access_by_one_socket": 18.594527, "local_access_by_both_sockets": 31.825393, "remote_access_by_both_sockets": 27.588193}, "LLC_bandwidth_ker": {"max_bandwidth": 514.486627, "max_size": "15MB", "efficiency": 89.78824205933682}, "prefix_sum_alg": {" -large-size 23MB ": {"bandwidth": 112.362278, "efficiency": 19.60947260034904}}, "stencil_1D_alg": {" -size 100000000 -r 7 -mode 0 ": {"bandwidth": 306.960349, "efficiency": 1.7053352722222224}, " -size 100000000 -r 7 -mode 1 ": {"bandwidth": 489.430299, "efficiency": 2.7190572166666667}}, "naive_transpose_alg": {" -size 25000 -mode 0 ": {"bandwidth": 24.099295, "efficiency": 18.975822834645673}, " -size 25000 -mode 1": {"bandwidth": 22.103556, "efficiency": 17.404374803149608}}, "sha1_alg": {" -large-size 1GB ": {"performance": 265.171894, "efficiency": 323.38035853658533}}}