{"arch_name": "intel_xeon_6140", "gather_ker_L1_latency": {"1KB": 140.041276, "2KB": 140.057404, "3KB": 136.186552, "4KB": 137.965594, "5KB": 140.960623, "6KB": 140.833367, "7KB": 140.737961, "8KB": 141.187251, "9KB": 141.680105, "10KB": 140.567721, "11KB": 141.22646, "12KB": 140.932222, "13KB": 141.130922, "14KB": 141.466532, "15KB": 141.09939, "16KB": 141.310746, "17KB": 141.421849, "18KB": 141.347442, "19KB": 140.236342, "20KB": 140.850807, "21KB": 139.545258, "22KB": 139.061118, "23KB": 139.577709, "24KB": 139.233914, "25KB": 134.633171, "26KB": 138.695127, "27KB": 138.605177, "28KB": 138.200625, "29KB": 137.547491, "30KB": 138.272416, "31KB": 137.155989, "32KB": 137.070376}, "gather_ker_LLC_latency": {"2MB": 88.599467, "3MB": 82.665619, "4MB": 79.973449, "5MB": 78.121386, "6MB": 77.081487, "7MB": 74.232843, "8MB": 75.610806, "9MB": 75.157851, "10MB": 74.791486, "11MB": 74.50848, "12MB": 72.864277, "13MB": 73.744435, "14MB": 73.720105, "15MB": 73.470477, "16MB": 62.504766, "17MB": 72.222869, "18MB": 68.509307, "19MB": 71.951319, "20MB": 69.89525, "21MB": 55.739358, "22MB": 61.602307, "23MB": 64.386857, "24MB": 62.200775}, "gather_ker_DRAM_latency": {"48MB": 34.44489, "98MB": 25.835547, "148MB": 23.443463, "198MB": 22.306176, "248MB": 21.505523, "298MB": 21.014676, "348MB": 20.626994, "398MB": 20.271629, "448MB": 20.011337, "498MB": 19.75303, "548MB": 19.524258, "598MB": 19.289602, "648MB": 19.078667, "698MB": 18.923426, "748MB": 18.745971, "798MB": 18.603006, "848MB": 18.452016, "898MB": 18.306195, "948MB": 18.150383, "998MB": 18.111071}, "scatter_ker": {"1KB": 2.093237, "2KB": 2.647223, "4KB": 3.423843, "8KB": 4.646842, "16KB": 5.962341, "32KB": 7.47454, "64KB": 10.112563, "128KB": 15.629423, "256KB": 22.870375, "512KB": 28.338576, "1MB": 34.000778, "2MB": 36.828917, "4MB": 38.136459, "8MB": 36.497826, "16MB": 30.303906, "32MB": 29.479542, "64MB": 17.444936, "128MB": 11.65231, "256MB": 10.835416, "512MB": 10.867228}, "fma_ker": {"flt_perf": 1416.533762, "flt_efficiency": 53.474283201208, "dbl_perf": 710.041038, "dbl_efficiency": 53.79098772727273}, "compute_latency_ker": {"": {"performance": 174.510049, "efficiency": 6.587770819177048}}, "lehmer_ker": {"": {"performance": 3.438883, "efficiency": 4.1937597560975615}}, "norm_alg": {" -large-size 2GB": {"bandwidth": 109.675357, "efficiency": 86.35854881889765}}, "L1_bandwidth_ker": {" -mode 0": {"bandwidth": 16207.567982, "efficiency": 90.04204434444445}, " -mode 1": {"bandwidth": 1426.468175, "efficiency": 7.9248231944444445}, " -mode 2": {"bandwidth": 4585.595412, "efficiency": 25.475530066666664}, " -mode 3": {"bandwidth": 13855.097612, "efficiency": 76.97276451111111}}, "gemm_alg": {" -size 10000 ": {"performance": 2179.892497, "efficiency": 82.29114748961872}}, "primes_alg": {" -size 100000 ": {"performance": 1.097423, "efficiency": 1.3383207317073171}}, "fib_ker": {" -size 100000000000 ": {"performance": 50.895806, "efficiency": 62.06805609756098}}, "dense_vec_ker": {" -large-size 4GB -mode 0": {"bandwidth": 91.042916, "efficiency": 71.68733543307087}, " -large-size 4GB -mode 1": {"bandwidth": 90.955702, "efficiency": 71.61866299212599}, " -large-size 4GB -mode 2": {"bandwidth": 93.902584, "efficiency": 73.93904251968505}, " -large-size 4GB -mode 3": {"bandwidth": 93.719661, "efficiency": 73.79500866141731}, " -large-size 4GB -mode 4": {"bandwidth": 94.465604, "efficiency": 74.38236535433072}, " -large-size 4GB -mode 5": {"bandwidth": 118.033182, "efficiency": 92.93951338582677}}, "interconnect_band_ker": {"local_access_by_one_socket": 75.333508, "remote_access_by_one_socket": 35.302923, "local_access_by_both_sockets": 148.394708, "remote_access_by_both_sockets": 51.231881}, "interconnect_latency_ker": {"local_access_by_one_socket": 24.263918, "remote_access_by_one_socket": 18.874568, "local_access_by_both_sockets": 32.442306, "remote_access_by_both_sockets": 28.915668}, "LLC_bandwidth_ker": {"max_bandwidth": 514.165508, "max_size": "15MB", "efficiency": 89.73220034904014}, "prefix_sum_alg": {" -large-size 23MB ": {"bandwidth": 74.570454, "efficiency": 13.014040837696335}}, "stencil_1D_alg": {" -size 100000000 -r 7 -mode 0 ": {"bandwidth": 555.846381, "efficiency": 3.08803545}}, "naive_transpose_alg": {" -size 25000 -mode 0 ": {"bandwidth": 24.031589, "efficiency": 18.922511023622047}, " -size 25000 -mode 1": {"bandwidth": 22.314704, "efficiency": 17.57063307086614}}, "sha1_alg": {" -large-size 1GB ": {"performance": 265.453325, "efficiency": 323.7235670731707}}, "randgen_ker": {" -large-size 1GB ": {"performance": 39.425559, "efficiency": 48.07995}}, "bellman_ford_alg_l1_latency": {"teps": 21.806842}, "bellman_ford_alg_LLC_latency": {"teps": 205.985875}, "bellman_ford_alg_DRAM_latency": {"teps": 54.011141}, "bellman_ford_alg_interconnect": {"one socket": 52.731761, "two socket": 80.138276}}