{"arch_name": "kunpeng_920_64_core", "gather_ker_L1_latency": {"1KB": 140.19375, "2KB": 197.309938, "3KB": 191.880884, "4KB": 191.670352, "5KB": 155.888724, "6KB": 147.758385, "7KB": 138.873428, "8KB": 134.239567, "9KB": 190.247144, "10KB": 131.060563, "11KB": 134.469301, "12KB": 194.601443, "13KB": 196.810342, "14KB": 154.892412, "15KB": 199.432403, "16KB": 153.493696, "17KB": 132.218756, "18KB": 149.506454, "19KB": 140.45904, "20KB": 141.087051, "21KB": 160.357807, "22KB": 136.381448, "23KB": 141.099611, "24KB": 140.312312, "25KB": 149.713039, "26KB": 134.306149, "27KB": 141.706528, "28KB": 160.673076, "29KB": 139.27604, "30KB": 139.091679, "31KB": 134.625036, "32KB": 134.435446, "33KB": 134.61505, "34KB": 130.272265, "35KB": 201.992188, "36KB": 158.356269, "37KB": 189.832207, "38KB": 152.276988, "39KB": 131.480693, "40KB": 152.097729, "41KB": 196.363578, "42KB": 134.790072, "43KB": 131.761315, "44KB": 139.887216, "45KB": 138.142259, "46KB": 149.518542, "47KB": 133.430861, "48KB": 140.31606, "49KB": 141.200072, "50KB": 138.764459, "51KB": 138.378846, "52KB": 139.482975, "53KB": 201.229253, "54KB": 156.569161, "55KB": 133.715482, "56KB": 137.614868, "57KB": 139.794436, "58KB": 136.243945, "59KB": 133.252981, "60KB": 146.235194, "61KB": 186.329391, "62KB": 155.672433, "63KB": 144.809772, "64KB": 154.910044}, "gather_ker_LLC_latency": {"1MB": 113.485443, "2MB": 82.352539, "3MB": 74.075874, "4MB": 65.691504, "5MB": 65.946535, "6MB": 55.180855, "7MB": 54.543472, "8MB": 51.310339, "9MB": 47.508706, "10MB": 50.91729, "11MB": 44.80752, "12MB": 43.554319, "13MB": 42.293287, "14MB": 42.553752, "15MB": 40.54435, "16MB": 40.432661, "17MB": 38.181263, "18MB": 39.612904, "19MB": 39.482337, "20MB": 37.257891, "21MB": 38.44771, "22MB": 36.607142, "23MB": 36.761861, "24MB": 35.82862, "25MB": 35.595114, "26MB": 35.827895, "27MB": 35.04302, "28MB": 34.875873, "29MB": 34.332398, "30MB": 33.024402, "31MB": 33.771012, "32MB": 33.136591, "33MB": 33.992943, "34MB": 32.168602, "35MB": 32.509176, "36MB": 32.528629, "37MB": 31.347172, "38MB": 31.484528, "39MB": 33.722192, "40MB": 31.290243, "41MB": 33.633321, "42MB": 30.899605, "43MB": 31.025925, "44MB": 30.633185, "45MB": 34.153084, "46MB": 35.466683, "47MB": 35.083866, "48MB": 33.591103, "49MB": 31.825163, "50MB": 29.858582, "51MB": 34.453899, "52MB": 34.967272, "53MB": 30.63926, "54MB": 29.599413, "55MB": 36.090342, "56MB": 33.839523, "57MB": 28.946363, "58MB": 29.508663, "59MB": 38.272894, "60MB": 31.953398, "61MB": 36.529319, "62MB": 37.049313, "63MB": 34.839783, "64MB": 33.168044}, "gather_ker_DRAM_latency": {"128MB": 22.984495, "178MB": 22.891425, "228MB": 24.189249, "278MB": 23.389694, "328MB": 20.479539, "378MB": 23.496524, "428MB": 22.744041, "478MB": 22.41677, "528MB": 21.092323, "578MB": 22.476354, "628MB": 22.367579, "678MB": 21.730626, "728MB": 13.386635, "778MB": 13.698549, "828MB": 14.004109, "878MB": 13.156848, "928MB": 13.89756, "978MB": 12.555938}, "scatter_ker": {"1KB": 3.685288, "2KB": 6.241029, "4KB": 9.652522, "8KB": 13.52412, "16KB": 17.338178, "32KB": 10.317279, "64KB": 12.49516, "128KB": 10.644929, "256KB": 14.522372, "512KB": 25.448087, "1MB": 25.426451, "2MB": 25.413437, "4MB": 24.809499, "8MB": 23.149177, "16MB": 20.49105, "32MB": 18.900822, "64MB": 17.281915, "128MB": 18.0521, "256MB": 14.030667, "512MB": 14.622056}, "fma_ker": {"flt_perf": 1346.335543, "flt_efficiency": 101.15218204357625, "dbl_perf": 507.784178, "dbl_efficiency": 76.93699666666667}, "compute_latency_ker": {"": {"performance": 360.785914, "efficiency": 27.106379714500374}}, "lehmer_ker": {"": {"performance": 27.648607, "efficiency": 8.327893674698794}}, "norm_alg": {" -large-size 2GB": {"bandwidth": 100.17463, "efficiency": 53.56932085561497}}, "L1_bandwidth_ker": {" -mode 0": {"bandwidth": 4616.195904, "efficiency": 61.54927872}, " -mode 1": {"bandwidth": 7494.132253, "efficiency": 99.92176337333332}, " -mode 2": {"bandwidth": 1913.980643, "efficiency": 25.519741906666667}, " -mode 3": {"bandwidth": 2354.935852, "efficiency": 31.399144693333334}}, "gemm_alg": {" -size 10000 ": {"performance": 4611522198.731501, "efficiency": 346470488.2593164}}, "primes_alg": {" -size 100000 ": {"performance": 14.058443, "efficiency": 4.23447078313253}}, "fib_ker": {" -size 100000000000 ": {"performance": 166.203938, "efficiency": 50.061427108433726}}, "dense_vec_ker": {" -large-size 4GB -mode 0": {"bandwidth": 119.211645, "efficiency": 63.74954278074867}, " -large-size 4GB -mode 1": {"bandwidth": 113.576616, "efficiency": 60.73615828877005}, " -large-size 4GB -mode 2": {"bandwidth": 117.285369, "efficiency": 62.71944866310161}, " -large-size 4GB -mode 3": {"bandwidth": 109.648547, "efficiency": 58.63558663101604}, " -large-size 4GB -mode 4": {"bandwidth": 115.085603, "efficiency": 61.543103208556154}, " -large-size 4GB -mode 5": {"bandwidth": 143.14303, "efficiency": 76.54707486631017}}, "interconnect_band_ker": {"local_access_by_one_socket": 72.647146, "remote_access_by_one_socket": 70.565225, "local_access_by_both_sockets": 209.801667, "remote_access_by_both_sockets": 64.546829}, "interconnect_latency_ker": {"local_access_by_one_socket": 13.521465, "remote_access_by_one_socket": 18.322008, "local_access_by_both_sockets": 27.467555, "remote_access_by_both_sockets": 10.441871}, "LLC_bandwidth_ker": {"max_bandwidth": 952.206731, "max_size": "25MB", "efficiency": 68.16082541159628}, "prefix_sum_alg": {" -large-size 23MB ": {"bandwidth": 0, "efficiency": 0.0}}, "stencil_1D_alg": {" -size 100000000 -r 7 -mode 0 ": {"bandwidth": 275.921763, "efficiency": 3.6789568399999997}, " -size 100000000 -r 7 -mode 1 ": {"bandwidth": 276.336317, "efficiency": 3.684484226666667}}, "naive_transpose_alg": {" -size 25000 -mode 0 ": {"bandwidth": 9.128549, "efficiency": 4.8815770053475935}, " -size 25000 -mode 1": {"bandwidth": 4.405426, "efficiency": 2.3558427807486635}}, "sha1_alg": {" -large-size 1GB ": {"performance": 0, "efficiency": 0.0}}}