{"arch_name": "kunpeng_920_64_core", "gather_ker_L1_latency": {"1KB": 135.562356, "2KB": 199.259354, "3KB": 132.619847, "4KB": 143.04818, "5KB": 158.765879, "6KB": 141.780828, "7KB": 191.249934, "8KB": 158.662278, "9KB": 141.826858, "10KB": 199.227297, "11KB": 145.087918, "12KB": 195.316699, "13KB": 158.503067, "14KB": 159.727385, "15KB": 143.918365, "16KB": 134.389816, "17KB": 154.109184, "18KB": 141.033217, "19KB": 144.318502, "20KB": 138.413432, "21KB": 154.861061, "22KB": 151.650918, "23KB": 137.672171, "24KB": 193.331799, "25KB": 135.186614, "26KB": 150.119362, "27KB": 148.72221, "28KB": 136.867846, "29KB": 150.073001, "30KB": 142.36159, "31KB": 145.595111, "32KB": 140.888193, "33KB": 130.790258, "34KB": 134.109249, "35KB": 199.919443, "36KB": 160.081812, "37KB": 187.494274, "38KB": 131.939512, "39KB": 137.405316, "40KB": 152.165271, "41KB": 199.322146, "42KB": 192.012595, "43KB": 130.999359, "44KB": 193.048202, "45KB": 146.428369, "46KB": 196.430784, "47KB": 149.839958, "48KB": 187.035314, "49KB": 147.763194, "50KB": 133.071762, "51KB": 132.817144, "52KB": 144.668007, "53KB": 143.742785, "54KB": 144.485134, "55KB": 192.539001, "56KB": 146.205066, "57KB": 187.56713, "58KB": 145.434807, "59KB": 191.564318, "60KB": 134.215809, "61KB": 143.617227, "62KB": 136.508958, "63KB": 146.708876, "64KB": 143.977026}, "gather_ker_LLC_latency": {"1MB": 144.237028, "2MB": 83.895695, "3MB": 73.905393, "4MB": 68.995395, "5MB": 63.233215, "6MB": 62.737552, "7MB": 61.094523, "8MB": 55.129382, "9MB": 49.217688, "10MB": 45.997055, "11MB": 45.861592, "12MB": 46.222723, "13MB": 42.807191, "14MB": 41.563514, "15MB": 42.343814, "16MB": 41.400911, "17MB": 39.554755, "18MB": 38.897719, "19MB": 38.377163, "20MB": 36.431946, "21MB": 38.996564, "22MB": 38.446398, "23MB": 34.74186, "24MB": 37.207976, "25MB": 36.108117, "26MB": 36.543736, "27MB": 36.411912, "28MB": 35.025359, "29MB": 34.54178, "30MB": 34.854201, "31MB": 34.604988, "32MB": 32.26272, "33MB": 33.477021, "34MB": 32.645192, "35MB": 32.436442, "36MB": 32.030727, "37MB": 31.789035, "38MB": 31.466624, "39MB": 31.952192, "40MB": 31.053892, "41MB": 31.412404, "42MB": 29.813771, "43MB": 33.949883, "44MB": 35.147034, "45MB": 30.287899, "46MB": 30.293448, "47MB": 34.238308, "48MB": 29.885089, "49MB": 35.001291, "50MB": 29.689854, "51MB": 34.022197, "52MB": 30.31001, "53MB": 30.466283, "54MB": 33.884171, "55MB": 34.786189, "56MB": 36.64852, "57MB": 36.856479, "58MB": 28.50189, "59MB": 35.783812, "60MB": 32.648456, "61MB": 34.276139, "62MB": 33.45597, "63MB": 37.85795, "64MB": 31.939358}, "gather_ker_DRAM_latency": {"128MB": 23.443464, "178MB": 24.118878, "228MB": 24.500653, "278MB": 23.771689, "328MB": 20.899099, "378MB": 21.34857, "428MB": 22.117124, "478MB": 21.823498, "528MB": 20.101399, "578MB": 22.357725, "628MB": 13.429568, "678MB": 21.863802, "728MB": 12.613634, "778MB": 12.628518, "828MB": 13.296618, "878MB": 13.677989, "928MB": 13.630547, "978MB": 13.517211}, "scatter_ker": {"1KB": 3.681858, "2KB": 6.155246, "4KB": 9.569356, "8KB": 13.523384, "16KB": 17.341233, "32KB": 10.318772, "64KB": 12.508809, "128KB": 19.343943, "256KB": 17.803922, "512KB": 21.949764, "1MB": 26.55116, "2MB": 26.092731, "4MB": 24.912862, "8MB": 23.389657, "16MB": 25.8958, "32MB": 18.734954, "64MB": 19.904746, "128MB": 18.156698, "256MB": 15.265911, "512MB": 14.908738}, "fma_ker": {"flt_perf": 1343.948795, "flt_efficiency": 100.97286213373404, "dbl_perf": 507.653819, "dbl_efficiency": 76.9172453030303}, "compute_latency_ker": {"": {"performance": 360.620277, "efficiency": 27.09393516153268}}, "lehmer_ker": {"": {"performance": 27.630595, "efficiency": 8.322468373493976}}, "norm_alg": {" -large-size 2GB": {"bandwidth": 109.526328, "efficiency": 58.570228877005356}}, "L1_bandwidth_ker": {" -mode 0": {"bandwidth": 4614.674282, "efficiency": 61.52899042666666}, " -mode 1": {"bandwidth": 7495.701751, "efficiency": 99.94269001333333}, " -mode 2": {"bandwidth": 1914.883643, "efficiency": 25.531781906666666}, " -mode 3": {"bandwidth": 2353.405365, "efficiency": 31.3787382}}, "gemm_alg": {" -size 10000 ": {"performance": 4721051778.624099, "efficiency": 354699607.7103004}}, "primes_alg": {" -size 100000 ": {"performance": 14.063424, "efficiency": 4.23597108433735}}, "fib_ker": {" -size 100000000000 ": {"performance": 166.203653, "efficiency": 50.06134126506024}}, "dense_vec_ker": {" -large-size 4GB -mode 0": {"bandwidth": 116.776011, "efficiency": 62.447064705882354}, " -large-size 4GB -mode 1": {"bandwidth": 112.07093, "efficiency": 59.930978609625676}, " -large-size 4GB -mode 2": {"bandwidth": 120.612157, "efficiency": 64.49847967914438}, " -large-size 4GB -mode 3": {"bandwidth": 127.461409, "efficiency": 68.16118128342247}, " -large-size 4GB -mode 4": {"bandwidth": 107.328267, "efficiency": 57.394795187165776}, " -large-size 4GB -mode 5": {"bandwidth": 134.668754, "efficiency": 72.01537647058824}}, "interconnect_band_ker": {"local_access_by_one_socket": 79.43159, "remote_access_by_one_socket": 67.900045, "local_access_by_both_sockets": 221.317345, "remote_access_by_both_sockets": 60.068853}, "interconnect_latency_ker": {"local_access_by_one_socket": 11.940005, "remote_access_by_one_socket": 16.248139, "local_access_by_both_sockets": 20.376465, "remote_access_by_both_sockets": 9.726932}, "LLC_bandwidth_ker": {"max_bandwidth": 953.371109, "max_size": "25MB", "efficiency": 68.24417387258411}, "prefix_sum_alg": {" -large-size 23MB ": {"bandwidth": 0, "efficiency": 0.0}}, "stencil_1D_alg": {" -size 100000000 -r 7 -mode 0 ": {"bandwidth": 276.00606, "efficiency": 3.6800808}, " -size 100000000 -r 7 -mode 1 ": {"bandwidth": 275.993904, "efficiency": 3.67991872}}, "naive_transpose_alg": {" -size 25000 -mode 0 ": {"bandwidth": 0, "efficiency": 0.0}, " -size 25000 -mode 1": {"bandwidth": 0, "efficiency": 0.0}}}