{"arch_name": "kunpeng_920_64_core", "gather_ker_L1_latency": {"1KB": 132.535319, "2KB": 146.428036, "3KB": 132.362973, "4KB": 191.400931, "5KB": 148.001708, "6KB": 134.495298, "7KB": 141.354735, "8KB": 147.303114, "9KB": 135.031392, "10KB": 131.990687, "11KB": 149.622508, "12KB": 156.419659, "13KB": 135.918399, "14KB": 190.236508, "15KB": 136.616545, "16KB": 151.509483, "17KB": 146.938558, "18KB": 149.437865, "19KB": 135.257715, "20KB": 132.831277, "21KB": 135.482468, "22KB": 133.227871, "23KB": 136.424229, "24KB": 142.942806, "25KB": 151.486056, "26KB": 134.434462, "27KB": 130.783424, "28KB": 198.040564, "29KB": 147.212111, "30KB": 200.369577, "31KB": 131.653768, "32KB": 158.866554, "33KB": 148.34475, "34KB": 132.296901, "35KB": 146.519339, "36KB": 133.190046, "37KB": 141.420139, "38KB": 134.274907, "39KB": 185.667032, "40KB": 140.023292, "41KB": 142.039226, "42KB": 144.597962, "43KB": 133.295696, "44KB": 141.212028, "45KB": 144.992997, "46KB": 156.634106, "47KB": 151.506629, "48KB": 195.56852, "49KB": 148.099542, "50KB": 159.377884, "51KB": 191.976313, "52KB": 137.741759, "53KB": 143.006107, "54KB": 191.53316, "55KB": 160.180905, "56KB": 149.805343, "57KB": 137.37732, "58KB": 142.46316, "59KB": 143.560891, "60KB": 133.896913, "61KB": 160.573158, "62KB": 157.305401, "63KB": 139.496732, "64KB": 145.505216}, "gather_ker_LLC_latency": {"1MB": 141.940302, "2MB": 88.071131, "3MB": 76.906172, "4MB": 70.122577, "5MB": 63.802302, "6MB": 60.075036, "7MB": 52.349101, "8MB": 51.242251, "9MB": 52.636369, "10MB": 50.330433, "11MB": 44.469528, "12MB": 43.543576, "13MB": 43.17147, "14MB": 40.524447, "15MB": 40.628014, "16MB": 40.359231, "17MB": 39.696422, "18MB": 40.175487, "19MB": 38.161192, "20MB": 38.10426, "21MB": 35.408922, "22MB": 36.310352, "23MB": 36.595404, "24MB": 36.692442, "25MB": 35.562861, "26MB": 35.246345, "27MB": 34.334961, "28MB": 33.981346, "29MB": 32.728573, "30MB": 33.739863, "31MB": 31.837547, "32MB": 33.040997, "33MB": 33.524546, "34MB": 32.270949, "35MB": 31.20757, "36MB": 32.95972, "37MB": 31.604737, "38MB": 31.416519, "39MB": 31.007104, "40MB": 31.801721, "41MB": 30.759125, "42MB": 30.75281, "43MB": 32.619304, "44MB": 34.359785, "45MB": 35.263, "46MB": 32.264142, "47MB": 35.149674, "48MB": 29.31332, "49MB": 32.006189, "50MB": 29.503766, "51MB": 30.042246, "52MB": 34.646632, "53MB": 36.713084, "54MB": 33.641323, "55MB": 35.048628, "56MB": 30.729731, "57MB": 29.068685, "58MB": 32.84155, "59MB": 35.672797, "60MB": 36.742787, "61MB": 34.139608, "62MB": 33.905529, "63MB": 36.390566, "64MB": 33.670035}, "gather_ker_DRAM_latency": {"128MB": 22.950352, "178MB": 24.998701, "228MB": 23.858829, "278MB": 22.135668, "328MB": 19.760708, "378MB": 23.980148, "428MB": 21.493517, "478MB": 22.581969, "528MB": 22.392374, "578MB": 21.934434, "628MB": 22.426718, "678MB": 21.946871, "728MB": 22.293153, "778MB": 12.739351, "828MB": 13.341644, "878MB": 20.534022, "928MB": 14.685127, "978MB": 14.906491}, "scatter_ker": {"1KB": 3.681755, "2KB": 6.244256, "4KB": 9.312112, "8KB": 13.521171, "16KB": 17.341855, "32KB": 10.326478, "64KB": 12.380415, "128KB": 19.314476, "256KB": 15.567962, "512KB": 25.62268, "1MB": 25.815407, "2MB": 24.985524, "4MB": 24.812183, "8MB": 26.547688, "16MB": 20.699884, "32MB": 21.605811, "64MB": 19.157324, "128MB": 14.79714, "256MB": 16.161741, "512MB": 13.078355}, "fma_ker": {"flt_perf": 1346.847312, "flt_efficiency": 101.19063200601053, "dbl_perf": 507.75982, "dbl_efficiency": 76.93330606060606}, "compute_latency_ker": {"": {"performance": 360.747262, "efficiency": 27.10347573253193}}, "lehmer_ker": {"": {"performance": 27.643056, "efficiency": 8.326221686746988}}, "norm_alg": {" -large-size 2GB": {"bandwidth": 97.70529, "efficiency": 52.24881818181819}}, "L1_bandwidth_ker": {" -mode 0": {"bandwidth": 4616.330999, "efficiency": 61.551079986666664}, " -mode 1": {"bandwidth": 7494.433156, "efficiency": 99.92577541333333}, " -mode 2": {"bandwidth": 1918.558531, "efficiency": 25.58078041333333}, " -mode 3": {"bandwidth": 2353.360812, "efficiency": 31.378144159999998}}, "gemm_alg": {" -size 10000 ": {"performance": 5069418290.807521, "efficiency": 380872899.3844869}}, "primes_alg": {" -size 100000 ": {"performance": 14.059773, "efficiency": 4.234871385542169}}, "fib_ker": {" -size 100000000000 ": {"performance": 166.22416, "efficiency": 50.06751807228916}}, "dense_vec_ker": {" -large-size 4GB -mode 0": {"bandwidth": 117.995874, "efficiency": 63.09939786096257}, " -large-size 4GB -mode 1": {"bandwidth": 119.543756, "efficiency": 63.9271422459893}, " -large-size 4GB -mode 2": {"bandwidth": 127.177396, "efficiency": 68.0093026737968}, " -large-size 4GB -mode 3": {"bandwidth": 120.437685, "efficiency": 64.40517914438503}, " -large-size 4GB -mode 4": {"bandwidth": 125.967473, "efficiency": 67.36228502673796}, " -large-size 4GB -mode 5": {"bandwidth": 145.102172, "efficiency": 77.59474438502673}}, "interconnect_band_ker": {"local_access_by_one_socket": 65.608612, "remote_access_by_one_socket": 78.544112, "local_access_by_both_sockets": 194.0126, "remote_access_by_both_sockets": 63.24161}, "interconnect_latency_ker": {"local_access_by_one_socket": 12.144158, "remote_access_by_one_socket": 21.364757, "local_access_by_both_sockets": 24.739966, "remote_access_by_both_sockets": 11.664288}, "LLC_bandwidth_ker": {"max_bandwidth": 894.234554, "max_size": "38MB", "efficiency": 64.01106327845383}, "prefix_sum_alg": {" -large-size 23MB ": {"bandwidth": 0, "efficiency": 0.0}}, "stencil_1D_alg": {" -size 100000000 -r 7 -mode 0 ": {"bandwidth": 276.540273, "efficiency": 3.6872036400000003}, " -size 100000000 -r 7 -mode 1 ": {"bandwidth": 273.025697, "efficiency": 3.640342626666666}}, "naive_transpose_alg": {" -size 20000 -mode 0 ": {"bandwidth": 0, "efficiency": 0.0}, " -size 20000 -mode 1": {"bandwidth": 0, "efficiency": 0.0}, " -size 25000 -mode 0 ": {"bandwidth": 0, "efficiency": 0.0}, " -size 25000 -mode 1": {"bandwidth": 0, "efficiency": 0.0}, " -size 30000 -mode 0 ": {"bandwidth": 0, "efficiency": 0.0}, " -size 30000 -mode 1": {"bandwidth": 0, "efficiency": 0.0}}}