{"arch_name": "kunpeng_920_64_core", "gather_ker_L1_latency": {"1KB": 153.475475, "2KB": 144.221049, "3KB": 132.255535, "4KB": 141.85688, "5KB": 198.67164, "6KB": 158.007989, "7KB": 146.164419, "8KB": 140.798121, "9KB": 137.948688, "10KB": 151.023727, "11KB": 135.915157, "12KB": 132.497419, "13KB": 150.387918, "14KB": 157.314562, "15KB": 158.881274, "16KB": 133.179102, "17KB": 198.883601, "18KB": 138.784339, "19KB": 134.603737, "20KB": 151.747165, "21KB": 189.853925, "22KB": 145.373548, "23KB": 141.591277, "24KB": 143.393678, "25KB": 133.555954, "26KB": 137.009731, "27KB": 193.715027, "28KB": 146.56874, "29KB": 129.46761, "30KB": 144.558514, "31KB": 144.608686, "32KB": 134.655167, "33KB": 192.800861, "34KB": 138.012054, "35KB": 131.635413, "36KB": 133.077618, "37KB": 200.812727, "38KB": 144.162941, "39KB": 152.089669, "40KB": 136.649775, "41KB": 146.96481, "42KB": 151.021165, "43KB": 145.654988, "44KB": 141.356565, "45KB": 133.805234, "46KB": 147.292306, "47KB": 152.601178, "48KB": 153.682543, "49KB": 141.887281, "50KB": 139.675978, "51KB": 139.115425, "52KB": 195.827332, "53KB": 197.974397, "54KB": 132.27767, "55KB": 135.94824, "56KB": 144.867536, "57KB": 157.220215, "58KB": 131.739375, "59KB": 134.605981, "60KB": 150.821782, "61KB": 198.515027, "62KB": 146.43185, "63KB": 147.379014, "64KB": 154.082419}, "gather_ker_LLC_latency": {"1MB": 109.187606, "2MB": 83.965206, "3MB": 75.337012, "4MB": 65.621146, "5MB": 64.608101, "6MB": 63.099014, "7MB": 58.227782, "8MB": 57.787449, "9MB": 47.580158, "10MB": 47.25105, "11MB": 44.66336, "12MB": 43.557381, "13MB": 42.657435, "14MB": 41.208305, "15MB": 40.459683, "16MB": 40.044944, "17MB": 39.350131, "18MB": 38.880087, "19MB": 39.754732, "20MB": 37.965058, "21MB": 37.751462, "22MB": 36.778584, "23MB": 38.004982, "24MB": 37.694567, "25MB": 36.127019, "26MB": 35.524024, "27MB": 35.289752, "28MB": 34.640404, "29MB": 33.244622, "30MB": 34.59233, "31MB": 32.575153, "32MB": 32.560314, "33MB": 34.028541, "34MB": 33.287012, "35MB": 32.390173, "36MB": 32.633202, "37MB": 31.20955, "38MB": 31.459605, "39MB": 31.322795, "40MB": 27.866183, "41MB": 31.925803, "42MB": 30.869009, "43MB": 35.310065, "44MB": 35.428703, "45MB": 32.190296, "46MB": 28.671236, "47MB": 35.285293, "48MB": 35.15106, "49MB": 33.650627, "50MB": 30.532347, "51MB": 34.498229, "52MB": 30.367731, "53MB": 35.042777, "54MB": 30.361185, "55MB": 36.764087, "56MB": 33.749707, "57MB": 32.81052, "58MB": 27.964645, "59MB": 29.744378, "60MB": 35.207813, "61MB": 33.387936, "62MB": 36.806942, "63MB": 36.098983, "64MB": 29.509731, "65MB": 33.89476}, "gather_ker_DRAM_latency": {"130MB": 25.974432, "180MB": 23.920937, "230MB": 24.12211, "280MB": 23.816718, "330MB": 22.736439, "380MB": 22.506036, "430MB": 24.580078, "480MB": 22.537361, "530MB": 20.79064, "580MB": 22.389449, "630MB": 21.940876, "680MB": 21.976326, "730MB": 12.197788, "780MB": 12.852991, "830MB": 13.977716, "880MB": 14.527335, "930MB": 14.076176, "980MB": 11.710487}, "scatter_ker": {"1KB": 3.547245, "2KB": 6.027409, "4KB": 9.315564, "8KB": 12.936249, "16KB": 17.339932, "32KB": 10.50257, "64KB": 12.670277, "128KB": 19.365173, "256KB": 22.002135, "512KB": 21.676487, "1MB": 26.653426, "2MB": 24.940836, "4MB": 26.707596, "8MB": 26.966423, "16MB": 25.304283, "32MB": 23.854843, "64MB": 20.361259, "128MB": 17.586662, "256MB": 16.147283, "512MB": 14.436753}, "fma_ker": {"flt_perf": 443.726842, "flt_efficiency": 33.337854395191584, "dbl_perf": 507.764081, "dbl_efficiency": 76.93395166666667}, "compute_latency_ker": {"": {"performance": 360.581753, "efficiency": 27.091040796393692}}, "lehmer_ker": {"": {"performance": 27.637391, "efficiency": 8.324515361445783}}, "norm_alg": {" -large-size 2GB": {"bandwidth": 101.579336, "efficiency": 54.32050053475936}}, "L1_bandwidth_ker": {" -mode 0": {"bandwidth": 4613.177143, "efficiency": 61.50902857333333}, " -mode 1": {"bandwidth": 6806.475495, "efficiency": 90.75300659999999}, " -mode 2": {"bandwidth": 1915.115119, "efficiency": 25.534868253333336}, " -mode 3": {"bandwidth": 2354.900405, "efficiency": 31.398672066666663}}, "gemm_alg": {" -size 10000 ": {"performance": 5034340659.340659, "efficiency": 378237465.0143245}}, "primes_alg": {" -size 100000 ": {"performance": 14.058765, "efficiency": 4.234567771084337}}, "fib_ker": {" -size 100000000000 ": {"performance": 166.207272, "efficiency": 50.0624313253012}}, "dense_vec_ker": {" -large-size 4GB -mode 0": {"bandwidth": 114.73461, "efficiency": 61.355406417112306}, " -large-size 4GB -mode 1": {"bandwidth": 112.169612, "efficiency": 59.98374973262032}, " -large-size 4GB -mode 2": {"bandwidth": 121.983873, "efficiency": 65.23201764705883}, " -large-size 4GB -mode 3": {"bandwidth": 119.297543, "efficiency": 63.79547754010695}, " -large-size 4GB -mode 4": {"bandwidth": 108.40569, "efficiency": 57.970957219251346}, " -large-size 4GB -mode 5": {"bandwidth": 155.345391, "efficiency": 83.07240160427807}}, "interconnect_band_ker": {"local_access_by_one_socket": 65.482857, "remote_access_by_one_socket": 72.545359, "local_access_by_both_sockets": 138.868188, "remote_access_by_both_sockets": 60.955177}, "interconnect_latency_ker": {"local_access_by_one_socket": 12.378421, "remote_access_by_one_socket": 19.595455, "local_access_by_both_sockets": 20.778367, "remote_access_by_both_sockets": 13.75248}, "LLC_bandwidth_ker": {"max_bandwidth": 888.792326, "max_size": "38MB", "efficiency": 63.621497924123126}, "prefix_sum_alg": {" -large-size 23MB ": {"bandwidth": 156.978853, "efficiency": 11.236854187544738}}, "stencil_1D_alg": {" -size 100000000 -r 7 -mode 0 ": {"bandwidth": 275.764766, "efficiency": 3.676863546666667}}, "naive_transpose_alg": {" -size 25000 -mode 0 ": {"bandwidth": 9.385871, "efficiency": 5.0191823529411765}, " -size 25000 -mode 1": {"bandwidth": 5.585291, "efficiency": 2.9867866310160425}}, "sha1_alg": {" -large-size 1GB ": {"performance": 1040.231692, "efficiency": 313.32279879518074}}, "randgen_ker": {" -large-size 1GB ": {"performance": 58.035033, "efficiency": 17.480431626506025}}, "bellman_ford_alg_l1_latency": {"teps": 5.222691}, "bellman_ford_alg_LLC_latency": {"teps": 197.527539}, "bellman_ford_alg_DRAM_latency": {"teps": 41.018904}, "bellman_ford_alg_interconnect": {"one socket": 54.597663, "two socket": 49.426875}}