{"arch_name": "kunpeng_920_64_core", "gather_ker_L1_latency": {"1KB": 157.82319, "2KB": 133.340286, "3KB": 134.292993, "4KB": 140.013827, "5KB": 189.824111, "6KB": 157.218411, "7KB": 135.614667, "8KB": 132.979349, "9KB": 191.069732, "10KB": 143.653859, "11KB": 194.745729, "12KB": 137.467174, "13KB": 146.468987, "14KB": 157.110887, "15KB": 150.59482, "16KB": 143.889391, "17KB": 194.806291, "18KB": 131.535668, "19KB": 131.816038, "20KB": 141.810657, "21KB": 132.336288, "22KB": 134.927726, "23KB": 156.973464, "24KB": 133.640014, "25KB": 131.617201, "26KB": 153.557638, "27KB": 192.446576, "28KB": 197.261968, "29KB": 129.753779, "30KB": 135.717401, "31KB": 138.378275, "32KB": 136.446376, "33KB": 138.043569, "34KB": 137.438788, "35KB": 142.992737, "36KB": 159.192491, "37KB": 144.531694, "38KB": 137.407153, "39KB": 139.656722, "40KB": 153.871143, "41KB": 140.099341, "42KB": 200.002497, "43KB": 190.948347, "44KB": 145.533606, "45KB": 148.265347, "46KB": 197.088626, "47KB": 135.01836, "48KB": 146.378497, "49KB": 137.935454, "50KB": 131.912855, "51KB": 149.556928, "52KB": 153.917555, "53KB": 132.867699, "54KB": 196.039095, "55KB": 150.699168, "56KB": 191.962568, "57KB": 155.958051, "58KB": 140.947746, "59KB": 146.572802, "60KB": 135.362195, "61KB": 135.422533, "62KB": 154.647758, "63KB": 143.002113, "64KB": 159.635677}, "gather_ker_LLC_latency": {"1MB": 146.011926, "2MB": 82.734044, "3MB": 75.665281, "4MB": 70.005915, "5MB": 63.896832, "6MB": 60.024528, "7MB": 57.577777, "8MB": 57.732971, "9MB": 54.593612, "10MB": 47.163162, "11MB": 45.980422, "12MB": 44.95768, "13MB": 42.274562, "14MB": 42.558393, "15MB": 40.995459, "16MB": 41.396903, "17MB": 40.702427, "18MB": 37.991068, "19MB": 38.672396, "20MB": 39.363898, "21MB": 37.348896, "22MB": 37.27117, "23MB": 38.014968, "24MB": 37.292803, "25MB": 36.393187, "26MB": 36.407904, "27MB": 35.200683, "28MB": 34.704476, "29MB": 34.595664, "30MB": 34.862253, "31MB": 32.665008, "32MB": 32.704658, "33MB": 31.947125, "34MB": 32.035081, "35MB": 31.319606, "36MB": 31.170001, "37MB": 31.701121, "38MB": 32.403682, "39MB": 30.474071, "40MB": 33.249917, "41MB": 32.331682, "42MB": 34.490226, "43MB": 30.345589, "44MB": 32.113685, "45MB": 30.187692, "46MB": 34.245433, "47MB": 35.110716, "48MB": 34.229287, "49MB": 29.794677, "50MB": 35.341028, "51MB": 35.082656, "52MB": 30.148591, "53MB": 27.978149, "54MB": 32.246407, "55MB": 30.206375, "56MB": 33.364212, "57MB": 29.129492, "58MB": 33.407196, "59MB": 31.815914, "60MB": 34.928016, "61MB": 35.108084, "62MB": 36.67334, "63MB": 38.118066, "64MB": 34.812279}, "gather_ker_DRAM_latency": {"128MB": 23.507931, "178MB": 25.067916, "228MB": 22.618839, "278MB": 21.162336, "328MB": 20.507049, "378MB": 20.2893, "428MB": 22.741774, "478MB": 22.936358, "528MB": 22.424486, "578MB": 21.184192, "628MB": 22.774415, "678MB": 21.604207, "728MB": 22.32665, "778MB": 20.214201, "828MB": 14.258344, "878MB": 12.393948, "928MB": 14.775298, "978MB": 14.125606}, "scatter_ker": {"1KB": 3.548749, "2KB": 6.02767, "4KB": 9.314721, "8KB": 12.92977, "16KB": 16.665255, "32KB": 10.491922, "64KB": 12.680988, "128KB": 19.302492, "256KB": 23.659854, "512KB": 23.203068, "1MB": 25.00057, "2MB": 24.807439, "4MB": 26.017778, "8MB": 23.137853, "16MB": 22.253813, "32MB": 18.7147, "64MB": 19.399281, "128MB": 13.978686, "256MB": 14.135598, "512MB": 14.791498}, "fma_ker": {"flt_perf": 1346.983623, "flt_efficiency": 101.2008732531931, "dbl_perf": 507.730024, "dbl_efficiency": 76.92879151515152}, "compute_latency_ker": {"": {"performance": 360.662677, "efficiency": 27.097120736288502}}, "lehmer_ker": {"": {"performance": 27.643953, "efficiency": 8.32649186746988}}, "norm_alg": {" -large-size 2GB": {"bandwidth": 102.709834, "efficiency": 54.9250449197861}}, "L1_bandwidth_ker": {" -mode 0": {"bandwidth": 4613.993522, "efficiency": 61.519913626666664}, " -mode 1": {"bandwidth": 7494.665046, "efficiency": 99.92886727999999}, " -mode 2": {"bandwidth": 1917.54021, "efficiency": 25.567202799999997}, " -mode 3": {"bandwidth": 2353.962174, "efficiency": 31.386162319999997}}, "gemm_alg": {" -size 10000 ": {"performance": 5000781738.586617, "efficiency": 375716133.62784505}}, "primes_alg": {" -size 100000 ": {"performance": 14.060394, "efficiency": 4.23505843373494}}, "fib_ker": {" -size 100000000000 ": {"performance": 166.224253, "efficiency": 50.067546084337344}}, "dense_vec_ker": {" -large-size 4GB -mode 0": {"bandwidth": 117.882735, "efficiency": 63.03889572192513}, " -large-size 4GB -mode 1": {"bandwidth": 116.855887, "efficiency": 62.489779144385025}, " -large-size 4GB -mode 2": {"bandwidth": 116.502187, "efficiency": 62.300634759358296}, " -large-size 4GB -mode 3": {"bandwidth": 123.580797, "efficiency": 66.08598770053476}, " -large-size 4GB -mode 4": {"bandwidth": 106.114243, "efficiency": 56.74558449197861}, " -large-size 4GB -mode 5": {"bandwidth": 136.462811, "efficiency": 72.9747652406417}}, "interconnect_band_ker": {"local_access_by_one_socket": 63.401683, "remote_access_by_one_socket": 70.60669, "local_access_by_both_sockets": 190.506629, "remote_access_by_both_sockets": 63.748735}, "interconnect_latency_ker": {"local_access_by_one_socket": 13.129345, "remote_access_by_one_socket": 13.855612, "local_access_by_both_sockets": 20.193058, "remote_access_by_both_sockets": 9.869589}, "LLC_bandwidth_ker": {"max_bandwidth": 973.828483, "max_size": "25MB", "efficiency": 69.70855282748747}, "prefix_sum_alg": {" -large-size 23MB ": {"bandwidth": 0, "efficiency": 0.0}}, "stencil_1D_alg": {" -size 100000000 -r 7 -mode 0 ": {"bandwidth": 273.881887, "efficiency": 3.6517584933333334}, " -size 100000000 -r 7 -mode 1 ": {"bandwidth": 275.441371, "efficiency": 3.6725516133333334}}, "naive_transpose_alg": {" -size 20000 -mode 0 ": {"bandwidth": 0, "efficiency": 0.0}, " -size 20000 -mode 1": {"bandwidth": 0, "efficiency": 0.0}, " -size 25000 -mode 0 ": {"bandwidth": 0, "efficiency": 0.0}, " -size 25000 -mode 1": {"bandwidth": 0, "efficiency": 0.0}, " -size 30000 -mode 0 ": {"bandwidth": 0, "efficiency": 0.0}, " -size 30000 -mode 1": {"bandwidth": 0, "efficiency": 0.0}}}