{"arch_name": "intel_xeon_6140", "gather_ker": {"1KB": 130.216529, "2KB": 134.417971, "4KB": 127.578799, "8KB": 134.179821, "16KB": 134.578332, "32KB": 133.094548, "64KB": 129.583765, "128KB": 129.688844, "256KB": 129.211643, "512KB": 120.198004, "1MB": 91.587804, "2MB": 83.157641, "4MB": 74.75129, "8MB": 67.288303, "16MB": 58.39852, "32MB": 42.88923, "64MB": 28.357634, "128MB": 22.928068, "256MB": 19.906294, "512MB": 17.847346}, "scatter_ker": {"1KB": 2.091139, "2KB": 2.647678, "4KB": 3.424128, "8KB": 4.643129, "16KB": 5.958936, "32KB": 7.47246, "64KB": 10.114372, "128KB": 15.630962, "256KB": 22.846887, "512KB": 28.330938, "1MB": 33.406119, "2MB": 36.795973, "4MB": 38.151114, "8MB": 36.480951, "16MB": 29.530018, "32MB": 26.432277, "64MB": 18.26072, "128MB": 10.926296, "256MB": 10.195566, "512MB": 10.177978}, "fma_ker": {"flt_perf": 2067.898868, "flt_efficiency": 78.06337742544358, "dbl_perf": 1038.906923, "dbl_efficiency": 78.70506992424242}, "compute_latency_ker": {"": {"performance": 174.473427, "efficiency": 6.586388335220837}}, "L1_bandwidth_ker": {" -mode 0": {"bandwidth": 16190.054695, "efficiency": 89.94474830555556}, " -mode 1": {"bandwidth": 1424.167363, "efficiency": 7.912040905555555}, " -mode 2": {"bandwidth": 4584.69403, "efficiency": 25.470522388888888}, " -mode 3": {"bandwidth": 13821.107463, "efficiency": 76.78393035}}, "gemm_alg": {" -size 10000 ": {"performance": 2182.181262, "efficiency": 82.37754858437145}}, "stencil_1D_alg": {" -size 100000000 -r 1": {"bandwidth": 91.187888, "efficiency": 0.5065993777777777}, " -size 100000000 -r 3": {"bandwidth": 191.561325, "efficiency": 1.0642295833333333}, " -size 100000000 -r 5": {"bandwidth": 233.698705, "efficiency": 1.2983261388888887}, " -size 100000000 -r 7": {"bandwidth": 253.533468, "efficiency": 1.4085192666666666}, " -size 100000000 -r 9": {"bandwidth": 265.214024, "efficiency": 1.4734112444444445}}, "primes_alg": {" -size 100000 ": {"performance": 1.095221, "efficiency": 1.3356353658536584}}, "fib_ker": {" -size 100000000000 ": {"performance": 50.835899, "efficiency": 61.994998780487805}}, "dense_vec_ker": {" -large-size 4GB -mode 0": {"bandwidth": 89.072914, "efficiency": 70.13615275590551}, " -large-size 4GB -mode 1": {"bandwidth": 89.110414, "efficiency": 70.16568031496062}, " -large-size 4GB -mode 2": {"bandwidth": 92.664032, "efficiency": 72.96380472440946}, " -large-size 4GB -mode 3": {"bandwidth": 92.67446, "efficiency": 72.9720157480315}, " -large-size 4GB -mode 4": {"bandwidth": 92.984686, "efficiency": 73.21628818897638}, " -large-size 4GB -mode 5": {"bandwidth": 116.230738, "efficiency": 91.52026614173228}}, "interconnect_band_ker": {"local_access_by_one_socket": 74.129017, "remote_access_by_one_socket": 35.197375, "local_access_by_both_sockets": 145.225325, "remote_access_by_both_sockets": 51.276498}, "interconnect_latency_ker": {"local_access_by_one_socket": 24.097099, "remote_access_by_one_socket": 18.93675, "local_access_by_both_sockets": 32.619003, "remote_access_by_both_sockets": 30.282855}}